index,domain,platform,ad type,tag name,xpath,ad addr 1*/ all links from the element's children***,ad addr 2*,ad addr 3*,ad addr 4*,ad addr 5*,ad addr 6*,ad network 1',ad network 2',ad network 3'
426,chouftv.ma,mobile,sticky,div,/html[1]/body[1]/div[4]/div[2]/main[1]/div[1]/div[1]/div[1]/div[1]/div[1]/ul[1]/li[1]/div[1]/iframe[1]/html[1]/body[1]/div[4],https://tpc.googlesyndication.com/safeframe/1-0-37/html/container.html,,,,,,Google Ad,,
426,chouftv.ma,mobile,30%,img,/html[1]/body[1]/div[4]/div[2]/main[1]/div[1]/div[1]/div[1]/div[1]/div[1]/ul[1]/li[12]/div[1]/iframe[1]/html[1]/body[1]/div[1]/div[1]/a[1]/amp-img[1]/img[1],https://googleads.g.doubleclick.net/aclk?sa=l&ai=C_81_ynJdXo39F4iuBP7pjIgNsqX6-FuSm5uqpQu_4R4QASChwKorYMnujovApIwQoAGouMjjA8gBAuACAKgDAcgDCKoE8wFP0HkWIG1CP-lHyEs5zp1Nsriyn34KWgVLOEhi7iSEtWBkVciIge9dlZmgPno1Og7o901HUc0GwU5wcdbJS-lp1Pc9chX6JX3yw45_mJzWalA58ISv51S-O5XO4J5KT-Yg9x70TLsRWd1KaTVVuLt2b7656i_llsIyyzqYYzNK5M0i0Qfe77s3EoB9q46LKXKfbUnEOBjXo-WT-BG154JIkeMbZ34z4TI5bxuh3VqML2jSpXRe7ZqppiTg1nKti-4HT3q7FiKkmnf7Wi_GMzSAE7cKNLhcfFZ27SbeH9kyslLPkdmIFYf5WFJCaApAHVFowGHABJ6Mw-3lAuAEAYgFqemhqBigBgLYBgKAB8DHtxyoB47OG6gH1ckbqAeT2BuoB7oGqAfw2RuoB_LZG6gHpr4bqAfs1RuoB_PRG6gH7NUbqAeW2BuoB8LaG9gHAaAI9dOlBLAIAtIIBwiAYRABGB2aCTxodHRwczovL2FuZGVyc29uYWR2b2NhdGVzLmNvbS9OZXdZb3JrU2V4dWFsQWJ1c2UjdGFiX2J1ZmZhbG-xCYVnCYApSBmmgAoByAsB2BMNghQTGhFtb2JpbGUuY2hvdWZ0di5tYQ&ae=1&num=1&sig=AOD64_1tfd7Bhuv3DO-NScjFizzhfINBrA&client=ca-pub-1826999517346410&nx=CLICK_X&ny=CLICK_Y&nb=2&adurl=https://andersonadvocates.com/NewYorkSexualAbuse%3Fgclid%3DEAIaIQobChMIjYrDxtb85wIVCBcBCh3-NAPREAEYASAAEgK8SfD_BwE%23tab_buffalo,https://tpc.googlesyndication.com/daca_images/simgad/17315169181512847715,https://tpc.googlesyndication.com/daca_images/simgad/17315169181512847715,,,,Google Ad,,
426,chouftv.ma,mobile,sticky,div,/html[1]/body[1]/div[4]/div[2]/main[1]/div[1]/div[1]/div[1]/div[1]/div[1]/ul[1]/li[12]/div[1]/iframe[1]/html[1]/body[1]/div[1]/div[1]/div[1]/form[1]/div[1]/amp-fit-text[1]/div[1],[[[[[[]; []]]]; [[[[]]]; [[['a'; 'https://adssettings.google.com/whythisad?reasons=AB3afGEAAAVqW1tbW251bGwsWzJdXSxbbnVsbCwiaHR0cHM6Ly9nb29nbGVhZHMuZy5kb3VibGVjbGljay5uZXQvcGFnZWFkL2NvbnZlcnNpb24vP2FpPUNfODFfeW5KZFhvMzlGNGl1QlA3cGpJZ05zcVg2LUZ1U201dXFwUXVfNFI0UUFTQ2h3S29yWU1udWpvdkFwSXdRb0FHb3VNampBOGdCQXVBQ0FLZ0RBY2dEQ0tvRTh3RlAwSGtXSUcxQ1AtbEh5RXM1enAxTnNyaXluMzRLV2dWTE9FaGk3aVNFdFdCa1ZjaUlnZTlkbFptZ1BubzFPZzdvOTAxSFVjMEd3VTV3Y2RiSlMtbHAxUGM5Y2hYNkpYM3l3NDVfbUp6V2FsQTU4SVN2NTFTLU81WE80SjVLVC1ZZzl4NzBUTHNSV2QxS2FUVlZ1THQyYjc2NTZpX2xsc0l5eXpxWVl6Tks1TTBpMFFmZTc3czNFb0I5cTQ2TEtYS2ZiVW5FT0JqWG8tV1QtQkcxNTRKSWtlTWJaMzR6NFRJNWJ4dWgzVnFNTDJqU3BYUmU3WnFwcGlUZzFuS3RpLTRIVDNxN0ZpS2ttbmY3V2lfR016U0FFN2NLTkxoY2ZGWjI3U2JlSDlreXNsTFBrZG1JRllmNVdGSkNhQXBBSFZGb3dHSEFCSjZNdy0zbEF1QUVBWWdGcWVtaHFCaWdCZ0xZQmdLQUI4REh0eHlvQjQ3T0c2Z0gxY2ticUFlVDJCdW9CN29HcUFmdzJSdW9CX0xaRzZnSHByNGJxQWZzMVJ1b0JfUFJHNmdIN05VYnFBZVcyQnVvQjhMYUc5Z0hBYUFJOWRPbEJMQUlBdElJQndpQVlSQUJHQjJhQ1R4b2RIUndjem92TDJGdVpHVnljMjl1WVdSMmIyTmhkR1Z6TG1OdmJTOU9aWGRaYjNKclUyVjRkV0ZzUVdKMWMyVWpkR0ZpWDJKMVptWmhiRy14Q1lWbkNZQXBTQm1tZ0FvQnlBc0IyQk1OZ2hRVEdoRnRiMkpwYkdVdVkyaHZkV1owZGk1dFlRXHUwMDI2c2lnaD1oVElkOWFNbzItb1x1MDAyNmNpZD1DQVFTTFFEd3k5SVoySmdRX0JHaThwamVhaVZHV2ZMY3VCUHQwaFl2UlllQU1vdS1uR2treFI2SU91TFhpV1NfWmciLFtudWxsLG51bGwsbnVsbCwiaHR0cHM6Ly9kaXNwbGF5YWRzLWZvcm1hdHMuZ29vZ2xldXNlcmNvbnRlbnQuY29tL2Fkcy9wcmV2aWV3L2NvbnRlbnQuanM_Y2xpZW50PXd0YVx1MDAyNm9iZnVzY2F0ZWRDdXN0b21lcklkPTg0NzAwOTIwMzJcdTAwMjZjcmVhdGl2ZUlkPTQyMTY5MTExOTM5Nlx1MDAyNnZlcnNpb25JZD0wXHUwMDI2YWRHcm91cENyZWF0aXZlSWQ9Mzg3OTc3NzYwMTQ2XHUwMDI2aHRtbFBhcmVudElkPXByZXYtMFx1MDAyNmhlaWdodD01MDBcdTAwMjZ3aWR0aD02MDBcdTAwMjZzaWc9QUNpVkJfd0p6T0lEX2U0aEJ0X3drZFJYNXBSN0lrekwyQSJdLG51bGwsbnVsbCwxLCJSU2Nua1p3VVgyTUlrcHVicXFVTEVLbnBvYWdZR0lELV9od2lGV0Z1WkdWeWMyOXVZV1IyYjJOaGRHVnpMbU52YlRJSUNBVVRHTnJoR3hSQ0YyTmhMWEIxWWkweE9ESTJPVGs1TlRFM016UTJOREV3U0FSWUFuQUJlZ1lJQXhJQ0h3V0NBUVhDNk1maUFRIiwiNjUyNjg5MTE3NyJdXV0sWzEsMV1dasVEzeRAkM6a9l1KzyE7TZh2D1SBhBJfzqoulYMu6-geuN6hJHguyeCVkKETbrQK3UVQW92xy5kkBps2F8wJkoJLYz6z877tU9zQXkhZODsDuB5o-ae5VwusB-bDn3G9Snl0nipbkgclH8t7RF2VmIc80uSusJGcH01SAfWNB-YkzLwuwqx613iBPFB408jrBgUKPXg-HFGjXE17rbVBWK_cshzoNsJLLrN6JBMew914mVHP7KQgceVSpdtqs3vtLD1YMj-WCNxgfOFtBhzNeSzoPbSjc4Hm2pAF-amHvDY6XgdDnuj5xP1ha-nQxeDxgspkXNp7YCNU4RcXY4QaLQ,0JvnNtE6ho5BNGsBDocTgQ&source=display']; [[[]]]]]]]],,,,,Google Ad,,
6126,moonliteco.in,mobile,sticky,a,/html[1]/body[1]/form[1]/div[4]/div[2]/div[3]/div[2]/div[1]/iframe[1]/html[1]/body[1]/div[1]/iframe[1]/html[1]/body[1]/div[1]/a[1],[['img'; '//banners.mellowads.com/ads/8F0D60885645.gif']],//coinad.com/ads/show/show.php?a=FNBR00PFZVAN8&b=SZ66446RT78G1,//mellowads.com/view/097D14CA30D7/click/4B08BB56FCAE5655F05FDFEC875FCE91712DA2692881697CBDEFE03C61452A46,,,,Mellow Ads,CoinAd,Mellow Ads
6126,moonliteco.in,mobile,sticky,a,/html[1]/body[1]/form[1]/div[4]/div[2]/div[3]/div[1]/div[1]/iframe[1]/html[1]/body[1]/div[1]/a[1],[['img'; '//banners.mellowads.com/ads/D80B73757F7B.gif']],//mellowads.com/view/A0E7A7F03A9A,,,,,Mellow Ads,,
6506,moondoge.co.in,mobile,sticky,div,/html[1]/body[1]/form[1]/div[4]/div[2]/div[2]/div[2]/iframe[1]/html[1]/body[1]/div[1]/iframe[1]/html[1]/body[1]/div[1]/div[1],//coinad.com/ads/show/show.php?a=I7PCBBTRHJF3X&b=LG4011QXGYWI4,//mellowads.com/view/2B8E4F1E1B8A,,,,,CoinAd,Mellow Ads,
6506,moondoge.co.in,mobile,sticky,div,/html[1]/body[1]/form[1]/div[4]/div[2]/div[3]/div[2]/div[1]/iframe[1]/html[1]/body[1]/div[1]/iframe[1]/html[1]/body[1]/div[1]/div[1],//coinad.com/ads/show/show.php?a=I7PCBBTRHJF3X&b=STO0J2VGAQWUE,//mellowads.com/view/2B8E4F1E1B8A,,,,,CoinAd,Mellow Ads,
6506,moondoge.co.in,mobile,sticky,a,/html[1]/body[1]/form[1]/div[4]/div[2]/div[2]/div[1]/iframe[1]/html[1]/body[1]/div[1]/a[1],[['img'; '//banners.mellowads.com/ads/FE5DE5ED258A.jpg']],//mellowads.com/view/650E653BFDE4,,,,,Mellow Ads,,
6506,moondoge.co.in,mobile,sticky,a,/html[1]/body[1]/form[1]/div[4]/div[2]/div[3]/div[1]/div[1]/iframe[1]/html[1]/body[1]/div[1]/a[1],[['img'; '//banners.mellowads.com/ads/4171036877F1.gif']],//mellowads.com/view/3A47153A9A94,,,,,Mellow Ads,,
10275,gogoanime.to,mobile,sticky,div,/html[1]/body[1]/div[5]/div[1],[[]; []; [['a'; '//redir.bebi.com/1.0/go?tq=yZ2ryvWN9gSshpz6nlpdgcGNFG3yQZlwLbomOmTACJJDEppItnHEvj_YwcN4IDEbtb8l0-8N2y7OgTqsiJv6E3dSjV5BdFu_HJIDSVcv-gP0QiIt2easzRjNYHiP4Yyiw6omXlKtGQNvR-ijTAskXtRES3BqjMPhEJv4C947mAToDp4BXkiHO4b6GXXbN3213FJ5t7sN0wD2ElJV4zalnTL8SpSC4yaNjxgQrtC5A6wcYAjTP7ZN_2f0dKhqBXrG9QZfwevYBBA2pOVCH-rCH_FfgDEeJZIAbj-biXKIXT9XE8L-Z4jWngDyvG5MgZIChI0KXuiQFqLmVX0esLfUlH4laoK9Fp947b9Ijr9938DpF-T2vF3zVbVEaTz1H0WPKtj3Q-eB4z0vRsZVRuNQG7MnEcd---QXZzX30QgLIktIgpBcKJkMMD_gbdM55PIo7f2xQF8z9EJMzgy4iv9vDYyaAMdxqv957s8H4PTk-cSC8fZo3E2V2o1JLn_7sT_8Ko5WhTlz7YjYx6IG1in9w8WWA_U0HofgSyaGIYuZ95RGVpc78uo5v1IZOB2IFw-mLiaN0N9YWvO_N8OVKxVxp00ze_n_i8J5bCynjelmNHzC6qneNc_TkqSb5UCSnZYgrYj619xHSYcoWP1WGQO5hW0IYLCvPUOCWSRmW5fafzKk-Zh8N_qybvP0IrbaCbC4KvLYXI20lyAgs-48siUEMA&bi=aad080fc-b1d8-454e-9884-9c7c5d86f399&bbuid=ae38999b-dcce-461f-aec4-fb9c1b0ff798']; ['img'; '//c.bebi.com/583a22a1-e43e-4bb4-8434-890102200626.jpg']]],,,,,,Bebi,,
11143,bintang.com,mobile,sticky,div,/html[1]/body[1]/div[2]/div[3]/div[5],[[]; []; [[['iframe'; 'https://tpc.googlesyndication.com/safeframe/1-0-37/html/container.html']]]; []],,,,,,Google Ad,,
13500,xvideos0.blog.br,mobile,30%,img,/html[1]/body[1]/div[1]/div[1]/ul[1]/li[1]/iframe[1]/html[1]/body[1]/iframe[1]/html[1]/body[1]/div[1]/iframe[1]/html[1]/body[1]/a[1]/img[1],//go.ero-advertising.com/banner.go?spaceid=3554405,https://ok.plsnotifyme.com/lp?i=v2dylfttd553tchngm4bkuuhuczwo0tr1oik5blogg&t=bn300250&s=607d6d1aab40baec3194e13eb7c31f9858d9a4d80ebbd8ca83cc83bcf8449d00c870e8d11b7852f605175f2f1b4d7c606d0a3114d736d278b65b44c8f153fef73e0330a5a9b518fbc639c2625383f7a2&ex=b2100&d=xvideos0.blog.br,https://promo-bc.com/promo.php?c=624963&type=banner&size=300x250&name=banga,https://bongacams.com/track?c=624963&ps=banner,,,EroAdvertising,,
13500,xvideos0.blog.br,mobile,30%,img,/html[1]/body[1]/ul[1]/li[1]/iframe[1]/html[1]/body[1]/iframe[1]/html[1]/body[1]/div[1]/iframe[1]/html[1]/body[1]/a[1]/img[1],//go.ero-advertising.com/banner.go?spaceid=3554405,https://ok.plsnotifyme.com/lp?i=v2txhp4176canhepq7cn6jxpk9zig0avfq0fw0kzn7&t=bn300250&s=607d6d1aab40baec3194e13eb7c31f9858d9a4d80ebbd8ca83cc83bcf8449d00c870e8d11b7852f605175f2f1b4d7c606d0a3114d736d278b65b44c8f153fef73e0330a5a9b518fbc639c2625383f7a2&ex=b2100&d=xvideos0.blog.br,https://promo-bc.com/promo.php?c=624963&type=banner&size=300x250&name=banga,https://bongacams.com/track?c=624963&ps=banner,,,EroAdvertising,,
14248,lk21tv.com,desktop,30%,img,/html[1]/body[1]/header[1]/nav[2]/div[1]/div[2]/div[2]/div[1]/a[1]/img[1],https://zeuspkv.com/?ref=lk21tv7,//cdn.newparadise.xyz/ezgif-1-143c5908c0.gif,,,,,local,,
14248,lk21tv.com,desktop,sticky,div,/html[1]/body[1]/header[1]/nav[2]/div[1]/div[3],[[]; [[['a'; 'https://imcpoker.live/?ref=94678888']; ['img'; '//cdn.newparadise.xyz/ezgif-2-01271bc82fe6.gif']]]; [[['a'; 'http://216.83.47.96/?ref=6DFB35']; ['img'; '//cdn.newparadise.xyz/ezgif-1-299675f4e3.gif']]]; []; []; []],,,,,,local,,
15967,reshet.tv,mobile,sticky,div,/html[1]/body[1]/div[3]/div[2]/div[2]/main[1]/div[4]/div[1]/div[1]/div[1]/iframe[1]/html[1]/body[1]/div[2],[[[[[[[]]]]]; [['a'; 'https://adssettings.google.com/whythisad?reasons=AB3afGEAAAUBW1tbW251bGwsWzI0XV0sW251bGwsImh0dHBzOi8vZ29vZ2xlYWRzLmcuZG91YmxlY2xpY2submV0L3BhZ2VhZC9jb252ZXJzaW9uLz9haT1DX29FN1JJRmRYdk8wQjhQT3BnUFB3NjNnQXRfTl9MZGJpWS01NktZTDlOemNrS0VaRUFFZzJacUVKR0RKN282THdLU01FS0FCbHI2ZzN3UElBUWFwQXIybkUwUVpTWk0tNEFJQXFBTUJ5QU9iQktvRTBBRlAwUHFUMWtzWm5oczY1czJlTUNmN0l3cWNiQWFMVXF0N3IzcnF3TE0zUjR1cUFQcDdGYldMSFhmNm80MTZmMzRpWTdfczJfejFxa19UUGZBTUZtYmV4RDJQQzFib1p1cVVuVG5lT3lFYjRKeDk3WWVSVThmUm1vSGNQUS1KVFhQeXNRUUEwT0todGE1Q1R2S2xrZFVUN2dVU3F2bXAteW1uYTJHMWpiMEhkSFlVSGhBTm51aV81aG5kZjUtdE9NQ1VIVmNXYlY2VVJFYUxQLVJwNmg5YXpoMEZQVy02VUFIOVV1cGdzem1Bc2gxNVpsQUtyTTBYU2FtcGhQdkd0RGJIS3JTWVllc1labjdzOHJwaDR0d2Z3QVMtaDlDWnpnTGdCQUdJQmVPOWg3RUZvQVkzMkFZQ2dBZlN3ZDhncUFlT3podW9COVhKRzZnSGs5Z2JxQWU2QnFnSDh0a2JxQWVtdmh1b0ItelZHNmdIODlFYnFBZnMxUnVvQjhMYUc5Z0hBYUFJOWRPbEJMQUlBdElJQndpQVlSQUJHQjJ4Q2U5cm8yaGx0c2hpZ0FvRG1Bc0J5QXNCMkJNTWdoUVBHZzEzZDNjdWNtVnphR1YwTG5SMmlCUUJcdTAwMjZzaWdoPWJfMVF5NkhlQ1RjXHUwMDI2Y2lkPUNBUVNPd0R3eTlJWkZyM3ZQUVI1SmgxeTEyTzZQaEVQX0tLd2g0M2JwNHBoSFowUlZjVlp1U2FLVjRnMFBtdlIyU0ZITmYyeVdXUjdaNzBvcHQ5cyIsW251bGwsbnVsbCxudWxsLCJodHRwczovL2Rpc3BsYXlhZHMtZm9ybWF0cy5nb29nbGV1c2VyY29udGVudC5jb20vYWRzL3ByZXZpZXcvY29udGVudC5qcz9jbGllbnQ9d3RhXHUwMDI2b2JmdXNjYXRlZEN1c3RvbWVySWQ9NDM0NjI3NDE5NFx1MDAyNmNyZWF0aXZlSWQ9NDE0NjE0NTA2MDA3XHUwMDI2dmVyc2lvbklkPTFcdTAwMjZhZEdyb3VwQ3JlYXRpdmVJZD0zODgzNzY3MDkwMDFcdTAwMjZodG1sUGFyZW50SWQ9cHJldi0wXHUwMDI2aGVpZ2h0PTEwMFx1MDAyNndpZHRoPTMyMFx1MDAyNnNpZz1BQ2lWQl96N0MzRllLX2VLd0wtMWs2Wno5LS02TkJGdzFBIl0sbnVsbCxudWxsLDEsIi1hTzdsVV9XcU80SWlZLTU2S1lMRU9POWg3RUZHS0s4M3g4aUQyUmhkbWxrYzJocFpXeGtMbU52YlRJSUNBVVRHTV9tRmhSQ0YyTmhMWEIxWWkweE5USTBPVEExTWpjNE56VXdNVGN6U0FWWU4yRHNBM0FCZ2dFUDJmTEc0d1dpMGFXei12X19fXzhCIiwiMTQ0NTA2MDMyMyJdXV0sWzEsMV1dF3QfX0hpr5sRozWy7jm-2nJamffoJALxDWWfK68Cq4-62wDVDsz20BRExXITptng2rKxZKxzeAFWcDQchw50_B6XCt0rm5JzGERKG08f8KAtjV27zWz7G9b3ENoMkrbsDZ4sDHoEsqYfYD9Iwru8hwHf-JQZA1G8u4Dk575Qu3jt4QospRpAYKt522M95PzFox4VU8JjGwod9-xHiA5xqHbVxxecf80FDI8vdWGq5Y5BlcP1VOJCvVldWF_v0IbTvWIH-oxAYECE1ORNnjZh-2hDHhCMVG3sRhk7ZcmLXcZQgqj1MrBAabEV48vHfeedQdyMTK2Jxd8ZlkXLxFn2rA,https://tpc.googlesyndication.com/safeframe/1-0-37/html/container.html,,,,,Google Ad,,
15967,reshet.tv,mobile,sticky,i,/html[1]/body[1]/div[3]/div[2]/div[2]/main[1]/div[6]/ul[1]/li[3]/div[1]/a[1]/div[1]/div[1]/div[1]/i[1],http://bit.ly/ArkiaKishor,,,,,,Bitly,,
15967,reshet.tv,mobile,30%,div,/html[1]/body[1]/div[3]/div[2]/div[2]/main[1]/div[11]/div[1]/div[1]/div[1]/div[1]/div[2]/div[1]/div[1]/div[1]/a[1]/div[1]/div[1],http://play-4-fun.com/b1dt5?pid=taboola_int&clickid=CjBjZjI3NjI3MS00NTM0LTRlZjUtYWFjNi00ZjI0NmEyMTg5YzAtdHVjdDU1Njc3NDASGXBsYXl0aWthLXNsb3RvbWFuaWFuZXctc2M&af_c_id=2455687&af_ad_id=http%3A%2F%2Fcdn.taboola.com%2Flibtrc%2Fstatic%2Fthumbnails%2Fa61b44ffe2d1cf5ebeed6247dd3051eb.jpg&af_siteid=reshet-reshet&af_sub_siteid=This+Woman+Was+Playing+on+This+Free+Slot+Machine+App%2C+When+All+Of+A+Sudden+This+Happened&af_sub2=This+Woman+Was+Playing+on+This+Free+Slot+Machine+App%2C+When+All+Of+A+Sudden+This+Happened&af_sub3=http%3A%2F%2Fcdn.taboola.com%2Flibtrc%2Fstatic%2Fthumbnails%2Fa61b44ffe2d1cf5ebeed6247dd3051eb.jpg&af_sub4=250729498&af_cpi=%7Bcost_bid%7D&c=SM_Android_US_Content_Wine_RON&utm_source=taboola&utm_medium=referral,,,,,,Taboola,,
15967,reshet.tv,mobile,30%,div,/html[1]/body[1]/div[3]/div[2]/div[2]/main[1]/div[11]/div[1]/div[1]/div[1]/div[1]/div[2]/div[1]/div[1]/div[2]/a[1]/div[1]/div[1],http://linkwords.io/?utm_source=taboola&cn=tb-lan-attorney-motorcycle-ron-gg-ac&utm_campaign=2764152&imp=47152&pxid=None&cd=caraccidentspot.com&om_bs=hV9lmAPag-7tbAOXvNMYleuctmz9Zt9dJtCLIzDoI3dwPiwunlR5AmJgtHpmTEBNsCaFgmTe8HkoL0tM7Rh377TE9LtALh46ZMB6ekaW4RNpktqtliOyUWkKGUDEGtv05KQ0aXAfyksTHs-HbA2uAed4ztGKrX-JmQ8&click_track_url=%2F%2Ftrc.taboola.com%2F1070267%2Flog%2F3%2Funip%3Fen%3DClick&utm_medium=paid&utm_campaign=2764152&placement=reshet-reshet&device=Smartphone&utm_term=reshet-reshet&adid=2861017716&campaign_id=2764152&sg_uid=653f91e19d9d44c6a937b69f209059af,,,,,,Taboola,,
15967,reshet.tv,mobile,30%,div,/html[1]/body[1]/div[3]/div[2]/div[2]/main[1]/div[11]/div[1]/div[1]/div[1]/div[1]/div[2]/div[1]/div[1]/div[3]/a[1]/div[1]/div[1],https://app.stuff.com/results/?utm_source=taboola&utm_campaign=tb-ron-d2s-f150-mob-yh-stuff-ja&utm_content=none&utm_term=reshet-reshet&adgroup=2878794543&imp=48719,,,,,,Taboola,,
15967,reshet.tv,mobile,sticky,div,/html[1]/body[1]/div[3]/div[2]/div[2]/main[1]/div[24],[[[[[[]; []; []; []; []; ['link'; 'https://cdn.ampproject.org/rtv/012002141856310/amp4ads-v0.js']; ['script'; 'https://cdn.ampproject.org/rtv/012002141856310/amp4ads-v0.js']; ['script'; 'https://cdn.ampproject.org/rtv/012002141856310/v0/amp-analytics-0.1.js']; []; [[['a'; 'https://googleads.g.doubleclick.net/pcs/click?xai=AKAOjsvN1fkT8byRBbM3onFqEH_5jwXH4jMYOfhOzm_tpWIscljp55yVMRg8DyBEyxL9iFFzwAmd4IRK8rPj3j07yrOUBRrisX6nBEj8ryRETChh_O-aZykJSIS_QMLbSn2Q_offYyRf3ynQkl8H401FnmUHFK-0d9ct7V858pSR6RsrhRmKo1hoHsgtMGESIrC6qHVqca9fkCU7MLKJL0JxihJTyJvpmb_hLNDYbxNHRgNNpkZZ35iKain3l1bTHJbRf7-ldCJgV15JfKL9mrd_TMAmOxY&sig=Cg0ArKJSzNuK98PxibOr&adurl=https://bit.ly/2Fwcs41&nx=CLICK_X&ny=CLICK_Y']; [['amp-img'; 'https://tpc.googlesyndication.com/simgad/2089255754190735994']; ['img'; 'https://tpc.googlesyndication.com/simgad/2089255754190735994']]]]; [['amp-pixel'; 'https://securepubads.g.doubleclick.net/pcs/view?xai=AKAOjsu0_0zZIXgRdOv7v9sIh3_xzrhkprfYnhgJEhipYKR4-SGc8QscT-DpV3aXUybrNtSeoTvsKL6s77f8TYF9oOTRIdUWmdIgZzqMh4o1QsmEKwrt0yHCK1cwUWdiLHRijiIhOwiaXnjSz2c3-RTCbGZoj4SNgkm59d4ZdeMlmAenBhjW7y3Ki8IqyDRgc64YcgFZZiHxVf8bDfFKIXR_075WU1vdH36ZmlZNsxTd8zuotUY8LAtHz_J3rSBS_AR73i2oNAkeY9gXZtLdo8Mume7wnXjD-tY&sig=Cg0ArKJSzBJC6RdkZgLGEAE&adurl=']; ['img'; 'https://securepubads.g.doubleclick.net/pcs/view?xai=AKAOjsu0_0zZIXgRdOv7v9sIh3_xzrhkprfYnhgJEhipYKR4-SGc8QscT-DpV3aXUybrNtSeoTvsKL6s77f8TYF9oOTRIdUWmdIgZzqMh4o1QsmEKwrt0yHCK1cwUWdiLHRijiIhOwiaXnjSz2c3-RTCbGZoj4SNgkm59d4ZdeMlmAenBhjW7y3Ki8IqyDRgc64YcgFZZiHxVf8bDfFKIXR_075WU1vdH36ZmlZNsxTd8zuotUY8LAtHz_J3rSBS_AR73i2oNAkeY9gXZtLdo8Mume7wnXjD-tY&sig=Cg0ArKJSzBJC6RdkZgLGEAE&adurl=']]; [[]]; [[]]; []; [[]]]]]]],,,,,,Google Ad,,
16739,indoxxi.to,mobile,sticky,div,/html[1]/body[1]/div[2]/div[1]/div[3]/div[5]/div[1]/div[1],[[[['a'; '#']; [['a'; 'https://www.luxury777goal.com/?Id=9225&AdType=0']; ['img'; 'https://meowstream.net/iklan/luxury777.gif']]]]],,,,,,local,,
16739,indoxxi.to,desktop,sticky,div,/html[1]/body[1]/div[2]/div[1]/div[3]/div[5]/div[1]/div[1],[[[['a'; '#']; [['a'; 'https://www.luxury777goal.com/?Id=9225&AdType=0']; ['img'; 'https://meowstream.net/iklan/luxury777.gif']]]]],,,,,,local,,
16741,kisscartoon.re,mobile,sticky,div,/html[1]/body[1]/div[2]/div[1]/div[1]/div[1]/main[1]/section[2]/div[1]/div[1]/iframe[1]/html[1]/body[1]/div[2]/div[2],[[[['a'; '//bidgear.com/?ref=banner']; [['img'; '//platform.bidgear.com/media/img/b15.png']]]]; [['a'; '//bidgear.com/?ref=banner']]],,,,,,BidGear,,
16741,kisscartoon.re,mobile,30%,div,/html[1]/body[1]/div[2]/div[1]/div[1]/div[1]/aside[1]/section[1]/div[1]/div[1]/iframe[1]/html[1]/body[1]/div[2]/div[3]/div[1]/div[1]/div[1]/div[1]/a[1]/div[1]/div[1],https://runative-syndicate.com/do2/click?c=e0SEGUNHhA4ZLETQOXNQhJkaZsrQCBOmTAsyMW6YaUFDRhgaLUDCwCEyB4wbNG6QsdFShgwRCsPUGePwRo4wNWyUmUEGYxkcYzrOgJGjRY4cZGqIJJNDTI0bE2PQMBMj5kAydg7awFFDIZw6Yg7GgEHD60A4cA7W6GpD4Rw4BnXEmJGjhgwaMRSOaaN2royUNGSSMTNWoRg3bsbGyAH4bB05bMbKiIH3MUwdItDQoQNnjo4XL-jIIbjGRRgzY-CEGW16zJs2L8qUgSGjRg4cYVrIKCqURk-jYsw8bXFbhg2kZMTEwDHDxo8wZOC-ofMlDZkedO3ijcGlDozaNt7M6RHEDRk5b657B39cTPo7c8rI6TEETfo2ZUA0eSMmDZsy2AtvjjToKMM67NjSScDjCDTwCzTGo6OHNdKYY44xwpCDjjfecMOF9Bi0YQw5ymAtDTsOvC47xhwTMcO-wkjjDDcQzA4wGmgQMbrpqltxj-g8ow7BPnaUDo4h3QgjPwotxFBDDj0E8Y0VWlihBBmaAw8P22DAMocqV-juu_COWLKMHuBIT40yCoqDjhcl7AEGF1DC4UU20hhjDRtzgGiJDY34Ioo4plhjiCXWQEKKHLRoI4kzgpA0DhgkDSIKK4IQwoollojCUlCJQCIJSRe14Q5Qg1DjCir0UEwhMvJQTIfR6igDVtgcuuOOGFyo8MIMN-zww_SuylCuLWDo4is5atLhBhdwuAiGs1Rr4ws1naUTBhvwUkgOO_ziTaE24WjjoG1xUKiOOtJwiCIZxhhDDBt8EoOGnToiaYYWxMjhBt1yGuOkecsQIycarpJvDofofakuG5YCKoeQaIDBDH5xoEqG3UaMYYwYxLjJhqmuSsMvEWbAwQW7XLBtBhduu6qOMBziT4__2AjjhRrqBAEFJtJwow48dgDBPPTUIwOEnmEweoomWjjiJBigAEGIdtkg4wUmpMCCMipSODotAK8weIkCeZ4BWud-XgIJKppgggUQ8lxDvyPaXOMNse3Dr4wXWqrThRlmkCEHn_nzD0AQpkBNwzTUZtsGY50VoYoprmLDci2QuIqMMrSaC9ZiEVJovIN--7aMwjLbrLPPQtu111-fFFbK9F646g6HyMIBhqvQ6L0x4N8C16H06GDtDTk-txzzq-g4dy62ZmDuhrLcEiH0L8IAcEOGddiCty76UCAg&s=bb81b7e0551a1ec891c7a841adcba170b70a7bdbb0a27bc40a8d61b0521b74281583187046,,,,,,RUNative,,
16854,gonewild.co,mobile,30%,img,/html[1]/body[1]/div[1]/div[1]/div[7]/div[1]/div[1]/div[1]/div[2]/ul[1]/li[4]/div[1]/div[1]/div[2]/div[2]/div[1]/center[1]/iframe[1]/html[1]/body[1]/iframe[1]/html[1]/body[1]/a[1]/img[1],//a.exosrv.com/iframe.php?idzone=3702395&size=300x250,https://syndication.exosrv.com/ads-iframe-display.php?idzone=3702395&type=300x250&p=https%3A//gonewild.co/&dt=1583187096835&sub=&tags=&screen_resolution=360x640&el=,https://main.exosrv.com/click.php?data=H4sIAAAAAAAAA01S227iMBD9FV54JBrb8W3f9qKqq1LosmBQ3xw7tLQkDonTssgfv5PQSpUteebMmYtnZpKY0EIBSURmiqfnGJtuyr5P6Q3ew5EQnblQocwoZ0C8n2nNySy3tpwVDPhMagLaSmVdTqfspmvdlP0qz2FKhbNVc_CofuRA6BLq8gpJoExzhN5se0U0l0xxjVAX.taViD0h_f1w9FjDAB_i1VloriAfM8QR4KBQ24e2snEIBXCmHBB6Lf.9h3agoFLYui7bq.xCNzAhAwAi1VBIbK17He0h.FVx683tg1ndGpdzxzbbvxfYmWXoT12Ip97ficPWbPSmPTXFbr2ly9ov7kX1DG2z22zNenmq6tiG6M1iMd89OGHg0uz.9kf0fBxIyGAnGpu.v1zCse9e.lM8trGKVddX8YiG4Ofrt1XzcJ6bc103j4t6bYpdO180j6tVWzSmE4b9_lM0MqMv5Kc49Mb4.7a.JunjkOWHfprNUkqQEuGKESVBq_Slr4mpTPMMp5txndLnFNLHgBK2Fl2VTDQRgmFyhqRrfxNuDe4PnEUOiZfcq1xraxlomQ0TEooogvuhAA0MI3IMkJesoHvge2sLSWzOlXBACsmYUwX3acjxtTwYz2RczG.TT8vEhUkaudfDCVWCqVEiIKgev0whjVYhxidPy7ukcstxk3m5B.kU_sLTMveyEIopWgj7H52vcvsSAwAA,https://static.exosrv.com/library/300074/7d4a83efa67fc4445a5c10f09e2c555e0bf8131a.jpg,,,ExoClick,,
16854,gonewild.co,mobile,30%,img,/html[1]/body[1]/div[1]/div[1]/div[7]/div[1]/div[1]/div[1]/div[2]/ul[1]/li[9]/div[1]/div[1]/div[2]/div[2]/div[1]/center[1]/iframe[1]/html[1]/body[1]/iframe[1]/html[1]/body[1]/a[1]/img[1],//a.exosrv.com/iframe.php?idzone=3702395&size=300x250,https://syndication.exosrv.com/ads-iframe-display.php?idzone=3702395&type=300x250&p=https%3A//gonewild.co/&dt=1583187096837&sub=&tags=&screen_resolution=360x640&el=,https://main.exosrv.com/click.php?data=H4sIAAAAAAAAA01Sy27jMAz8lVxyjEE9Le1tHyi6aJp0s4kS9CbJTps2tmxZbrOBPn5luwUKCTA5HHJkkrNIuOQCUER5Jlh8DqHp5uT7HN.kezojJDPrqmQTzAigolhIydCCal0uDAG2yCUCqXOhLcVzctN5Oye_youbY2511ZyK5H5oJOjq6nKCcsBEsgS9aT8hkuVEsAHqXO9tmbCnRH8_nYv0hgE.hSmZSyaAjgphBBiI5B2dr3QYSgFcMIMEvZb_3p0fKMkxuq5LP9nWdQMTMgBAuRhUg9f2dYw7V2zMbaFuH9TmVlnKLNnt_17hoNaubzsX2ra446e92smdbxtz2O7xui5W97x6Bt8cdnu1XbdVHbwLhVqtlocHyxVcm8Pf_pwyHwdSYpAWh6bvr1d37ruXvg1nH6pQdX0VzingiuX2bdM8XJbqUtfN46reKnPwy1XzuNl406iOK_L7j2nyDL.gn_zUK1Xc.3oS6cOg8kM.LRYxRogRMUGQyEGK.KWvkYhMsixNN2Myxs8pxI8BxdTalCryiCNCqQwliTT1N6atSfsDF04hspIVgkqpNQGZZ8OEuEACpf0QkAIkVWSpAC2JwUdgR61NjjRlgltAJifECsOKOGh8fR6MZzYu5rfZZ2Rm3SyO3OkwhAUnYrQQcCzHX8YQxyjn44fG9V0sjQQqBRwl5qA1K7GhNkecl5RgbY__Aczns8sSAwAA,https://static.exosrv.com/library/300074/2b8a0033de4213ad760b7bb14ca2679031a66cbd.jpg,,,ExoClick,,
16854,gonewild.co,mobile,30%,img,/html[1]/body[1]/div[1]/div[1]/div[7]/div[1]/div[1]/div[1]/div[2]/ul[1]/li[14]/div[1]/div[1]/div[2]/div[2]/div[1]/center[1]/iframe[1]/html[1]/body[1]/iframe[1]/html[1]/body[1]/a[1]/img[1],//a.exosrv.com/iframe.php?idzone=3702395&size=300x250,https://syndication.exosrv.com/ads-iframe-display.php?idzone=3702395&type=300x250&p=https%3A//gonewild.co/&dt=1583187096838&sub=&tags=&screen_resolution=360x640&el=,https://main.exosrv.com/click.php?data=H4sIAAAAAAAAA01S207jMBD9lb70sdHYjm_7thchVpSWLa1b8ebYAQpNnCYOdCt_PJMUJGRLnjlz5uKZmSQmtFBAEpFZnp5jbLop.zmlV3j3B0J05kKFMqOcAfF.pjUns9zaclYw4DOpCWgrlXU5nbKrrnVT9qc8hSkVzlbN3qP6mQKhc6jLCySBMs0RerPtBdFcMsUlQl3oW1ci9oT09_3BYw0DvI8XZ6G5gnzMEEeAg0LtMbSVjUMogBPlgNBr.f89tAMFlcLWddleZBe6gQkZABA5xIqtda.jOQS_Kq69ub4zq2vjcu7YZnt_hp1Zhv7YhXjs_I3Yb81Gb9pjU.zWW7qs_eJWVM_QNrvN1qyXx6qObYjeLBbz3Z0TBs7N7r4_oOfDQEIGO9LY9P35HA5999If46GNVay6vooHNAQ_X7.tmrvT3JzqunlY1GtT7Nr5onlYrdqiMZ0w7O._opEZfSG_xb43xt.29SVJH4csv_TTbJZSgpQIV4woCVqlb21NTGWaZzjcjOuUvoaQPueTsLPoqmSiiRAMkzMkXdqbcGdwe.Akcki85F7lWlvLQMtsGJBQRBFcDwVoYBiRY4C8ZAV9BP5obSGJzbkSDkghGXOq4D4NOb6XB.OZjHv5Y_JlmbgwSSP3cjihSjA1SgQE1eOXKaTRKsT45Gl5k5RTQjgsSErFicPSJXN56Rz1xCqpPgArCh8.EAMAAA--,https://static.exosrv.com/library/300074/428f62d31a5d27b624281461930f933dbe4b4270.gif,,,ExoClick,,
17480,mojoo.ir,mobile,30%,img,/html[1]/body[1]/main[1]/aside[1]/div[1]/center[1]/div[1]/div[1]/iframe[1]/html[1]/body[1]/a[1]/div[1]/img[1],https://plus.sabavision.com/click/50bb9ce6-d8ee-47aa-802e-5da12ccb99c8/4599-Z408/sabavision/9961-A451/7d6c5185-1701-4c82-99e5-cea5d99823c6?pageType=ALL&domain=mymojoo.us&sspID=plus.sabavision.com&pid=4896-P566&cid=bfcfd04f-8a19-4a8a-82a6-22dc3cd7c593&sid=0c8bac7c-55e7-46e9-b0c2-269c4256cdd8&resolution=360x640&target=http%3A//landing.iranmrcarpet.com/fa/main.html%3Futm_source%3Dsabavision%26utm_medium%3Dcpc%26utm_campaign%3Ddobarabari%26utm_content%3Dmymojoo.us,https://static.cdn.asset.filimo.com/vision-file/442ddf25-6b44-4eba-802e-e778f1415fa4.gif,,,,,SabaVision,?,
17480,mojoo.ir,mobile,sticky,div,/html[1]/body[1]/div[6],[[[['a'; 'https://yektanet.com/?utm_source=film.mojoo.ir&utm_medium=widget']; ['img'; 'https://cdn.yektanet.com/assets/images/yektanet-logo-full.png']]]; [[['a'; 'https://ck.yektanet.com/aa/click/v4-hpI3WBQaQ-r-Ew-hh-ICB-kJe-cxzg6b-a-ec/HNbDlT81mTHZDJ7fFSad08OoumlCsygSnCXjKjRfs6o/?redirect=http%3A//iminer.net/fa/']; [[['img'; 'https://native.yektanet.com/static/media/upload/CACHE/images/items/rentminer2__1aujbMNIS6/90/225x150.jpg']]; [[]]]]; [['a'; 'https://ck.yektanet.com/a/click/v4-hpI3WBQaQ-r-Ew-hh-ICB-kJe-cxzg6b-a-ec/HNbDlT81mTHZDJ7fFSad08OoumlCsygSnCXjKjRfs6o/?redirect=http%3A//iminer.net/fa/']; [[['img'; 'https://native.yektanet.com/static/media/upload/CACHE/images/items/rentminer2__1aujbMNIS6/90/225x150.jpg']]; [[]]]]; [['a'; 'https://ck.yektanet.com/aa/click/v4-hpI3WBQaQ-r-Ew-hh-ICB-kJe-cxzg6b-a-ec/HNbDlT81mTHZDJ7fFSad08OoumlCsygSnCXjKjRfs6o/?redirect=http%3A//iminer.net/fa/']; [[['img'; 'https://native.yektanet.com/static/media/upload/CACHE/images/items/rentminer2__1aujbMNIS6/90/225x150.jpg']]; [[]]]]; [[[]]]]],,,,,,Yektanet,,
22663,getrelax.club,desktop,30%,img,/html[1]/body[1]/iframe[1]/html[1]/body[1]/iframe[1]/html[1]/body[1]/iframe[1]/html[1]/body[1]/iframe[1]/html[1]/body[1]/a[1]/img[1],https://syndication.exosrv.com/ads-iframe-display.php?idzone=2970456&type=300x250&p=https%3A//www.getrelax.club/&dt=1583187730930&sub=&tags=&screen_resolution=800x600&el=,https://sumflux.com/fbs/?etype=300x250&dtype=pc&ptype=l&ecache=2970456O471842O3666479O508O1583187732,https://a.exosrv.com/iframe.php?idzone=3548617&size=300x250,https://syndication.exosrv.com/ads-iframe-display.php?idzone=3548617&type=300x250&p=https%3A//cdn.vueher.com/vueher_300x250.html%3F&dt=1583187731608&sub=&tags=&screen_resolution=800x600&el=,https://main.exosrv.com/click.php?data=H4sIAAAAAAAAA01Sy27bMBD8FV98tLB8U70VCAK3Ue3AkWnBN5mUmjTWi5Lc1tiPLyU7bbE87M7OclZDLZBKxZQiKCJGOL4OQ9sv2eclfQxn8Ll9j_LStvng3yPbVAGk0nKILVnRQpUr7pRb6bjUK14QoSg75ZYWS_Zo86p9c0v2cBdYUnnJ_YwwzSjhLA5Q34zeBvrDZSxeC3.TkP3bUMxMTSgHFZBrU98QJriWZIJsPsyIAD1VzVgP_neo9y9he1k2vsqHaQDgFxUwU_oJgAhE.NQADPn3UDeN253WzqyfzW5tLBeW7c2ekuth2wxNXbXN6J7k28Hs473v2lOWHui2dumTNODbbH8w6bargngzOLPZJNmzDZ1rm72M5zB4nEiBwTo69FV75l1_7X6c2_o8dn1djd3Zd7536SYzp12yuSSZM4lPzdE87y7pr2SXHH2SfpOGjj._wJpJ9nXdrWPS910njtl20pgXeRkfFCICIhGaEa0Uo_jPVmQ6ikVEBYtEjPjxBng3FIONYVIrpMgBp8C7dUhC6JBLABSFcFoRDqVQuYiAU4jDs5NYgBRSIVOCICcyrACkABnwYKkSlBW8BAbKAp_uA7Sujv5b76a5mH_AT4vQXNyai9D8SO8LBVJ1XuB8yy0EoVoyPWcEJI1nI4jEvwxAjtsndKV2TpQqZ1BylyvKpSRFfJIxtUpY8Qc3aKtIEAMAAA--,https://static.exosrv.com/library/495712/9edd90ebd8f5ede28aaa893b4cb12e5579b4e3c6.gif,ExoClick,,
23273,javtu.com,mobile,30%,img,/html[1]/body[1]/div[1]/center[2]/iframe[1]/html[1]/body[1]/a[1]/img[1],https://publish.iptvz.net/view/view/27,https://sexygame66.com/,https://publish.iptvz.net/php/files/5deac112a113b.gif,,,,local,,
25131,celebsnudeworld.com,mobile,30%,img,/html[1]/body[1]/div[2]/div[4]/div[2]/div[1]/iframe[1]/html[1]/body[1]/a[1]/img[1],https://syndication.exosrv.com/ads-iframe-display.php?idzone=502761&type=300x250&p=https%3A//celebsnudeworld.com/&dt=1583188169890&sub=&tags=&screen_resolution=360x640&el=,https://main.exosrv.com/click.php?data=H4sIAAAAAAAAA21STW_iMBD9K1w4Eo0_Y..t0m6FVBbYFky0l5VjB4EKcXBCS5F__E6S7mVVOZLnPT._mYxnkpjUUgFJJM94OnRd007Zw5Q.4nc8EaIzF84YMyoYEO9nWgsy49ZWs5KBmOWagLa5so7TKXtso5uy79UtTKl09twcPcLPFEjdQ10NlACay555s3HUaJEzJXKk2nCNrkLOVaeqbOurr95DPPmxEtkeu9GDKC2BDYm6T1OFaB_i2Xa9JcCNCkDqtfpAh16CoLR1XcUxdqHtlZABAMk5Ml207nU4DsE_l3Nv5mvzPDeOC8fMy52a.ypcL23oLq1_ksed2eptvDRlsdnRVe2XP.X5ALEptjuzWV3OdRdD581yuSjWThq4N8XL9YQ3f_eizcpv_Nqs48Ivirh8q03Xg9vCFEVXb.rYvEtDr39odvg1p.zlR02hCnu2NR.X2Jx6Q3QxpHfk63aWUoKUiFCMKEVykr5oYWIq0yLD98yETulf49P4JLgpdFB5ookQdOMMNWMnE04JzgvcJMcsLBckcU0FdaBBOlJZ4XuwByGlt9y6cp96i6.KgGFNhoH7NvlPMUHFJA13xyUIVZKpISIgqR5.lEIaTqUcNp5WT4l7C2XuOFCshgCxANJDWUkkPPXwFzpjf1vxAgAA,https://static.exosrv.com/library/300074/428f62d31a5d27b624281461930f933dbe4b4270.gif,,,,ExoClick,,
25131,celebsnudeworld.com,mobile,30%,img,/html[1]/body[1]/div[2]/div[4]/div[2]/div[2]/iframe[1]/html[1]/body[1]/a[1]/img[1],https://syndication.exosrv.com/ads-iframe-display.php?idzone=502761&type=300x250&p=https%3A//celebsnudeworld.com/&dt=1583188169892&sub=&tags=&screen_resolution=360x640&el=,https://main.exosrv.com/click.php?data=H4sIAAAAAAAAA21STW_iMBD9K1w4Es34K_beKu1WSGWBbcFEe1k5dhCoEAcntBT5x6.TdC.rypE87_n5jTMzk0iFEhIwosyQx0PXNe2UPkzJY_qOJ0SVWX9OMSWcAjo3U4rjjBlTzUoKfJYrBGVyaSwjU_rYBjul36ubnxJhzbk5ugQ_cyTq7utqoDiQXPTMmwmjRvGcSq4S1fprsFXibHWqyra.uurdh5MbXyLaYzd6oFQC6JCo.zSVCe19OJuutwS4EQ6Jeq0.kkMvSaA0dV2FMba.7ZWQAQBK5InqgrGvw7n37rmcOz1f6.e5toxbql_uRN9X_nppfXe5uidx3Omt2oZLUxabHVnVbvlTnA8QmmK705vV5Vx3wXdOL5eLYm2FhntTvFxP6ebvXrRZuY1b63VYuEURlm.17npwW.ii6OpNHZp3ocn1D8kOv.aEvvyoCVR.T7f64xKaU2.YXDT2jmzdzmKMECNySVFKzDF.UcNIZaZ4lhqacRXjv8rHsSdpk8lB5pFExOTGaNKMpYxpTtLEwE2wlIXmHCNThBMLCoTFynDXgz1wIZxhxpb72Ft89QgY1mSYuG.T_xSTpJjE4e64OBIpqBwiBEHU8KME4nAqxLCxuHqKuVIlY5KhY6mjCnNTmlKInJUlpQTVX14cqajzAgAA,https://static.exosrv.com/library/300074/7d4a83efa67fc4445a5c10f09e2c555e0bf8131a.jpg,,,,ExoClick,,
25131,celebsnudeworld.com,mobile,30%,img,/html[1]/body[1]/div[2]/div[4]/div[2]/div[3]/iframe[1]/html[1]/body[1]/a[1]/img[1],https://syndication.exosrv.com/ads-iframe-display.php?idzone=502761&type=300x250&p=https%3A//celebsnudeworld.com/&dt=1583188169894&sub=&tags=&screen_resolution=360x640&el=,https://main.exosrv.com/click.php?data=H4sIAAAAAAAAA21SwW7jIBD9lVxyjDWAwbC3SrtVpGaTbJsQay8rDFiJmhgH4zaN.PjFdveyqkBi5vHmzTDMLBImGAcUEY_HENpuTh7m.DHt0xkhkWl3STbBlAAyZiEERYtcKbuoCNBFIRAIVXClczwnj53Xc_Ld3twcM60u7ckk9zNBgu6usSNEARdsQN6UnziCFoRTkaDO9V7bhGl7tlXX9Ma.O382UyWsO4VJA3HBgIyJwqcoT17t_EWFQRLghikk6NV.JIWBkpxKNY31k61dNzAhAwA0BAev9Ot465x5rpZGLrfyeSl1TjWRL3cs7xvXXzsXrr15YqeD3Iu9v7ZVuTvgTWPWP9nlCL4t9we521wvTfAuGLler8qtZhLubfnSn1Pk74G025id2cqtX5lV6ddvjQyDc1vJsgzNrvHtO5O4_4Oz468lJi8_GgzW1WQvP66.PQ.CSUWiQTHfdosYI8SIKCeIc1Sg.EUHI.GZoFn6zoyKGP_1PU4_kg6eFHgRcUQoqeUkcaZGxjQiaVjgxvKUhRQUxVxgijUIYBpZRc3g1EAZMypXuqrjIPFVETCu2Thv32b_MWaJMYtj7LQowpwRPloIGBbjQzHE8Zax8cjj5ilWNSkqmkpQuraktqlUWhFCFNU5qmnxFydKwvbuAgAA,https://static.exosrv.com/library/300074/7d4a83efa67fc4445a5c10f09e2c555e0bf8131a.jpg,,,,ExoClick,,
25131,celebsnudeworld.com,mobile,30%,img,/html[1]/body[1]/div[2]/div[4]/div[2]/div[4]/iframe[1]/html[1]/body[1]/a[1]/img[1],https://syndication.exosrv.com/ads-iframe-display.php?idzone=502761&type=300x250&p=https%3A//celebsnudeworld.com/&dt=1583188169895&sub=&tags=&screen_resolution=360x640&el=,https://main.exosrv.com/click.php?data=H4sIAAAAAAAAA21STW_jIBD9K7nkGGsA87W3SrtVpKZJ2iTE2ssKA1aiJsbBTptG_PjFdveyqkBi3uPxBoaZRMIkE4Ai4pmg8dB1TTslD1P8mObxhJDMjD.nmGBKAFk7k5KiWa61m5UE6IxLBFJzoU2Op.SxDWZKfrqbn2Jm9Lk52gS_ciTq7ms3UBQwZz3zrsOokZQTQXmiWn8NxiXOuJMr2_pq3YcPJzvehLXHbvRAQjIgQ6Luy1QkVPlw1l1vCXDDFBL15j6TQy9JoNR17cIYG9_2SsgAAHFBE9UFbd6Gfe_tazm3ar5Wr3NlcmqI2tyxuq_89dL67tLaJ3bcq53chUtTFts9XtV2.czOBwhNsdur7epyrrvgO6uWy0WxNkzBvSk211M6.bsXbVd2a9dqHRZ2UYTle626HtwWqii6eluH5oMpfP2Ds8PLHJPNrxqD8xXZqc9LaE69YXJRqHfM1.0sxggxIioIEgJxFL.pYSQikzRLH5pRGeO_ysfxT9IikoPgEUeEkltOkmYsZUx9kjoGbixPWQinKOYSU2xAAjPIaWp7UAFlzOpcm7KKvcV3l4BhTIaO.zH5TzFJikkczo6DIiwYEUOEgGE5PBRDHHYZG5Y8rp5iXhpRGms5FVUJhBPMicHYsYpbgRH8BezMww_zAgAA,https://static.exosrv.com/library/300074/428f62d31a5d27b624281461930f933dbe4b4270.gif,,,,ExoClick,,
30568,mymusclevideo.com,desktop,30%,img,/html[1]/body[1]/div[2]/div[3]/div[2]/div[1]/div[1]/iframe[1]/html[1]/body[1]/a[1]/img[1],https://trafficboro.com/openx/www/delivery/afr.php?resize=1&campaignid=12&target=_blank,https://trafficboro.com/openx/www/delivery/ck.php?oaparams=2__bannerid=757__zoneid=0__cb=74f83f8033__oadest=http%3A%2F%2Fchaturbate.com%2Faffiliates%2Fin%2F%3Ftrack%3Ddefault%26tour%3D9rL0%26campaign%3D5TLTW,https://trafficboro.com/openx/www/images/eb2adfc91f141fe0aadf8689d7f710e5.gif,,,,?,,
30568,mymusclevideo.com,desktop,30%,img,/html[1]/body[1]/div[2]/div[4]/div[1]/iframe[1]/html[1]/body[1]/a[1]/img[1],https://trafficboro.com/openx/www/delivery/afr.php?resize=1&campaignid=14&target=_blank,https://trafficboro.com/openx/www/delivery/ck.php?oaparams=2__bannerid=910__zoneid=0__cb=6e89d38ffa__oadest=https%3A%2F%2Fwww.andrewchristian.com%2Fcollections%2Fsports-polyamide-fabric.html%3Fcmid%3DMDoyOjUyOWJiNjNmZjAxNGNmMzY6UVlIQytnb0pJRDJRcmJiRDBEUVUxdz09%26afid%3DMDoyOjQ4NmE2YTY0YTg2MzMxN2Q6SnFlOXZpaUJIWXJTaVJxRWRJZVpudz09%26ats%3DMDoyOmQ3ZDkwYzVmNjM2OTg4ZDQ6SmZuRS84SWhRT3hLeTl2Nm9QN25Ddz09,https://trafficboro.com/openx/www/images/e3bdde31a59cd99c4664adc7c271851c.jpg,,,,?,,
31659,hentaiplay.net,mobile,30%,img,/html[1]/body[1]/div[1]/div[2]/div[1]/div[3]/aside[1]/div[1]/div[3]/div[2]/div[1]/iframe[1]/html[1]/body[1]/table[1]/tbody[1]/tr[1]/td[1]/iframe[1]/html[1]/body[1]/a[1]/img[1],//adserver.juicyads.com/adshow.php?adzone=424383,https://warumbistdusoarm.space/iframe/59ef6ffe18f?iframe&ag_custom_domain=hentaiplay.net,https://spagat.space/redirect/?data=aHR0cHM6Ly9mYXB0aXRhbnMuY29tLz91dG1fY2FtcGFpZ249Ym5fanVpY3lfMzAweDI1MF9oZW50YWlwbGF5Lm5ldCZ1dG1fbWVkaXVtPWNsaWNrJnV0bV9zb3VyY2U9Ym4mdXRtX2NvbnRlbnQ9aGVudGFpcGxheS5uZXQmYm5pZD1mdF8yOF8yNC4wMS4xOF8zMDB4MjUwX2VuI2FkdyM0I2FkdyMxNDgzI2FkdyM2MTgjYWR3IzMyNjg0I2FkdyNoZW50YWlwbGF5Lm5ldCNhZHcjMzY3MzQxI2FkdyMxNDY5MjIx,https://spagat.space/bnr/4/df3/ebfa3c/df3ebfa3ca67acff19e852daf0714b65.gif,,,JUICYADS,,
31659,hentaiplay.net,mobile,30%,img,/html[1]/body[1]/div[1]/div[2]/div[1]/div[3]/aside[1]/div[1]/div[4]/div[2]/div[1]/iframe[1]/html[1]/body[1]/table[1]/tbody[1]/tr[1]/td[1]/div[1]/div[1]/a[1]/img[1],//adserver.juicyads.com/adshow.php?adzone=524635,https://chaturbate.com/affiliates/in/?track=larohentplay&tour=41Ea&campaign=HPR7R&join_overlay=1,https://ads.juicyads.com/ads/user57648/ad1353881-1547674917.jpg,,,,JUICYADS,,
33087,nudecollect.com,mobile,30%,img,/html[1]/body[1]/div[1]/div[7]/div[1]/iframe[1]/html[1]/body[1]/table[1]/tbody[1]/tr[1]/td[1]/a[1]/img[1],https://adserver.juicyads.com/adshow.php?adzone=770505,https://ck.juicyads.com/getjuicy.php?jad=1616589&juser=11210&jfill=36058&jfimg=884925&data=6ac90f1b5a9c8b4a5239a7c6b479d6c2&idty=d2f857b3866994551b89e8218c10b9b8&std2=x223z2y2v253y264d4f4&pubid=11210&zoneid=770505&jurl=p5y5l4i4m4b424n2p456t424n406j594k5k4c4g4b454t4s2i5m4r5q2,https://ads.juicyads.com/network/user143498/36058-1583137718-0399335001583137718.gif,,,,JUICYADS,,
33087,nudecollect.com,mobile,30%,img,/html[1]/body[1]/div[1]/div[7]/div[2]/iframe[1]/html[1]/body[1]/table[1]/tbody[1]/tr[1]/td[1]/a[1]/img[1],https://adserver.juicyads.com/adshow.php?adzone=770506,https://ck.juicyads.com/getjuicy.php?jad=1616590&juser=11210&jfill=36062&jfimg=884929&data=b477804da75516c439fee541da85e703&idty=d2f857b3866994551b89e8218c10b9b8&std2=x223z2y2v253y264d4f4&pubid=11210&zoneid=770506&jurl=p5y5l4i4m4b424n2p456t424n406j594k5k4c4g4b454t4s2i5m4r5q2,https://ads.juicyads.com/network/user143498/36062-1583138153-0481944001583138153.gif,,,,JUICYADS,,
33087,nudecollect.com,mobile,30%,img,/html[1]/body[1]/div[1]/div[7]/div[3]/iframe[1]/html[1]/body[1]/table[1]/tbody[1]/tr[1]/td[1]/a[1]/img[1],https://adserver.juicyads.com/adshow.php?adzone=770507,https://ck.juicyads.com/getjuicy.php?jad=1616591&juser=11210&jfill=663&jfimg=765640&data=ac7f287e9b622b478933051d582a8f2a&idty=d2f857b3866994551b89e8218c10b9b8&std2=x223z2y2v253y264d4f4&pubid=11210&zoneid=770507&jurl=p5y5l4i4m4b424n2p456t424n406j594k5k4c4g4b454t4s2i5m4r5q2,https://ads.juicyads.com/network/user2073/663-1557449751-0884788001557449751.jpg,,,,JUICYADS,,
33087,nudecollect.com,mobile,30%,img,/html[1]/body[1]/div[1]/div[11]/div[1]/iframe[1]/html[1]/body[1]/table[1]/tbody[1]/tr[1]/td[1]/a[1]/img[1],https://adserver.juicyads.com/adshow.php?adzone=770505,https://ck.juicyads.com/getjuicy.php?jad=1616589&juser=11210&jfill=36058&jfimg=884925&data=6ac90f1b5a9c8b4a5239a7c6b479d6c2&idty=d2f857b3866994551b89e8218c10b9b8&std2=x223z2y2v253y264d4f4&pubid=11210&zoneid=770505&jurl=p5y5l4i4m4b424n2p456t424n406j594k5k4c4g4b454t4s2i5m4r5q2,https://ads.juicyads.com/network/user143498/36058-1583137718-0399335001583137718.gif,,,,JUICYADS,,
33087,nudecollect.com,mobile,30%,img,/html[1]/body[1]/div[1]/div[11]/div[2]/iframe[1]/html[1]/body[1]/table[1]/tbody[1]/tr[1]/td[1]/a[1]/img[1],https://adserver.juicyads.com/adshow.php?adzone=770506,https://ck.juicyads.com/getjuicy.php?jad=1616590&juser=11210&jfill=36062&jfimg=884929&data=b477804da75516c439fee541da85e703&idty=d2f857b3866994551b89e8218c10b9b8&std2=x223z2y2v253y264d4f4&pubid=11210&zoneid=770506&jurl=p5y5l4i4m4b424n2p456t424n406j594k5k4c4g4b454t4s2i5m4r5q2,https://ads.juicyads.com/network/user143498/36062-1583138153-0481944001583138153.gif,,,,JUICYADS,,
33087,nudecollect.com,mobile,30%,img,/html[1]/body[1]/div[1]/div[11]/div[3]/iframe[1]/html[1]/body[1]/table[1]/tbody[1]/tr[1]/td[1]/a[1]/img[1],https://adserver.juicyads.com/adshow.php?adzone=770507,https://ck.juicyads.com/getjuicy.php?jad=1616591&juser=11210&jfill=663&jfimg=765640&data=ac7f287e9b622b478933051d582a8f2a&idty=d2f857b3866994551b89e8218c10b9b8&std2=x223z2y2v253y264d4f4&pubid=11210&zoneid=770507&jurl=p5y5l4i4m4b424n2p456t424n406j594k5k4c4g4b454t4s2i5m4r5q2,https://ads.juicyads.com/network/user2073/663-1557449751-0884788001557449751.jpg,,,,JUICYADS,,
33087,nudecollect.com,mobile,30%,img,/html[1]/body[1]/div[2]/div[1]/div[1]/iframe[1]/html[1]/body[1]/table[1]/tbody[1]/tr[1]/td[1]/a[1]/img[1],https://adserver.juicyads.com/adshow.php?adzone=690493,https://ck.juicyads.com/getjuicy.php?jad=1508114&juser=11210&jfill=26352&jfimg=641836&data=5e1a3dafc0eb5085017d80c2636665e4&idty=d2f857b3866994551b89e8218c10b9b8&std2=x223z2y2v253y264d4f4&pubid=11210&zoneid=690493&jurl=p5y5l4i4m4b424n2p456t424n406j594k5k4c4g4b454t4s2i5m4r5q2,https://ads.juicyads.com/network/user500/26352-1524244424.gif,,,,JUICYADS,,
33087,nudecollect.com,mobile,30%,img,/html[1]/body[1]/div[3]/div[1]/div[1]/iframe[1]/html[1]/body[1]/table[1]/tbody[1]/tr[1]/td[1]/a[1]/img[1],https://adserver.juicyads.com/adshow.php?adzone=691239,https://ck.juicyads.com/getjuicy.php?jad=1509030&juser=11210&jfill=92&jfimg=548442&data=510dd9034ea010fa62d93ccf4fad62f8&idty=d2f857b3866994551b89e8218c10b9b8&std2=x223z2y2v253y264d4f4&pubid=11210&zoneid=691239&jurl=p5y5l4i4m4b424n2p456t424n406j594k5k4c4g4b454t4s2i5m4r5q2,https://ads.juicyads.com/network/user1037/81-1484965686.gif,,,,JUICYADS,,
33199,hamtruyen.com,desktop,pop,div,/html[1]/body[1]/div[4],[[[]]; [['a'; 'https://11bet.win/?utm_source=hamtruyen.com&utm_medium=preload&utm_campaign=jimmy&utm_term=640x480']; ['img'; 'https://1.bp.blogspot.com/-1PycYxQoNYw/Xhw_DkLXqdI/AAAAAAABBiE/0IYoSiZFJEQzgoclTGR15kuh18rkz_dcQCLcBGAsYHQ/s1600/11bet_640x480.gif']]],,,,,,Google Ad,,
33441,javhd4k.net,mobile,30%,img,/html[1]/body[1]/div[6]/div[2]/div[2]/div[1]/div[2]/div[1]/div[2]/div[1]/div[2]/div[1]/center[1]/iframe[1]/html[1]/body[1]/a[1]/img[1],https://syndication.exoclick.com/ads-iframe-display.php?idzone=3041534&type=300x250&p=http%3A//www5.javhd4k.net/&dt=1583189228235&sub=&tags=&screen_resolution=360x640,https://main.exoclick.com/click.php?data=H4sIAAAAAAAAA11STW_iMBD9K7lwJPL423urVHWR6EKVEsNyc.xUUEoSjPko8o9fJ7CHXTlSxu.9eWOPJ4uEKy4RRJA5sLgJoTuOyNMIv6Rv.wWgctvuU0wwIwicGyvFYEyNqccVQWwsFCBlhDSW4hF5OXo7Is_1tR1hbs2.27q0fdRI0K1t6juEKDBCE3Q2_o4oJojkverYnrytE3a5XCD_NOeNo7u8qUPPbcPdQRBBAA9lwgAA6u0.Wr83YaiArpihBO3q70vre0naVKZpan.PbXvslShHCIEElqDgjd0NfNu6opo4PXnTxURbyiwp39FNl.WpPR2ObfB7N.XbpS5V6bvOrBZLPG_c7Bffb5DvVuVSL.aHfRN8G5yezV5Xb5ZrdOtW76evlLnuRYu5q9YLV5y7qlitQ.fPupuF16tu1kWzKFyY_eb6u.wOn_JWQFiIn8_2dpgyrdH3KZlo5A.cJEM7wU_jcYwRxQhMEpAKYxX_b2AkMlcsT2.ZMxXj357Hx3PE1MOUL0XEESB5UZJE90bGNCNpWtCV01SDCAZRCqpIXUnChatszSpw6IMZQQwlyoGIvUU6AvvnCGhYWT9qP7KezR5sltgsDkn3xQBLTuQQAeLpPv39MIoDy_nwo3E.jUCtEYyAYc4aygE5oQyvqeSyxszBH0CMMZToAgAA,https://static.exoclick.com/library/300074/b7f78120aca27f8d187e405b798d181865a38324.jpg,,,,ExoClick,,
35531,hocvientruyentranh.net,desktop,30%,img,/html[1]/body[1]/div[11]/a[1]/img[1],http://bit.ly/hvtt-bongda-float-left,https://2.bp.blogspot.com/-aNB2N0AxgOw/XX9uqqyEH-I/AAAAAAAAnFY/0oPF3kXycCkQ_PXukrs6wRrgP5-MvQOQgCLcBGAsYHQ/s1600/bongda-120x300.gif,,,,,Bitly,Google Ad,
35531,hocvientruyentranh.net,desktop,30%,img,/html[1]/body[1]/div[12]/div[1]/a[1]/img[1],http://bit.ly/hvtt-bongdax-tructiep,https://2.bp.blogspot.com/-G5tLPJRtXBw/XkjaOvIH5lI/AAAAAAAAOfk/6AebrpOMUPgUF_DyfBrkLLx_Cbb-WyL0ACLcBGAsYHQ/s1600/bongda-120x300.gif,,,,,Bitly,Google Ad,
35531,hocvientruyentranh.net,mobile,sticky,div,/html[1]/body[1]/div[5]/div[1],[[[[['a'; '#']]; []; [['a'; '']; ['img'; 'https://2.bp.blogspot.com/-OatgRdjf_EI/XkjaOaA07iI/AAAAAAAAOfg/VXwB8o46liIzm_n-Ltsrw0Qb42KcLPJAwCLcBGAsYHQ/s1600/640x360-jbo.gif']]; []; [['a'; 'https://lixi88.info/reg.shtml?id=2386920']; ['img'; 'https://2.bp.blogspot.com/-9E8n-p8q_lI/XjVIIwiEK-I/AAAAAAAAOdE/9tYTtLJA4ac6BGq1iQbvoEVhoTqwF2cdQCLcBGAsYHQ/s1600/300x250.gif']]; []; []]]],,,,,,Google Ad,,
35531,hocvientruyentranh.net,desktop,sticky,div,/html[1]/body[1]/div[5]/div[1],[[[[['a'; '#']]; []; [['a'; 'https://www.jbo039.com/SQRPlobby.html?aff=J102309&utm_source=hocvientruyentranhpre&utm_medium=banner&utm_campaign=vietnam']; ['img'; 'https://2.bp.blogspot.com/-OatgRdjf_EI/XkjaOaA07iI/AAAAAAAAOfg/VXwB8o46liIzm_n-Ltsrw0Qb42KcLPJAwCLcBGAsYHQ/s1600/640x360-jbo.gif']]; []; [['a'; '']; ['img'; 'https://2.bp.blogspot.com/-9E8n-p8q_lI/XjVIIwiEK-I/AAAAAAAAOdE/9tYTtLJA4ac6BGq1iQbvoEVhoTqwF2cdQCLcBGAsYHQ/s1600/300x250.gif']]; []; []]]],,,,,,Google Ad,,
39564,javdove.com,mobile,30%,img,/html[1]/body[1]/div[9]/div[1]/div[4]/div[1]/div[1]/div[2]/div[1]/iframe[1]/html[1]/body[1]/iframe[1]/html[1]/body[1]/iframe[1]/html[1]/body[1]/iframe[1]/html[1]/body[1]/a[1]/img[1],https://syndication.exosrv.com/ads-iframe-display.php?idzone=3481713&type=300x250&p=https%3A//www.javdove.com/&dt=1583191115047&sub=&tags=&screen_resolution=360x640&el=,https://sumflux.com/fbs/?etype=300x250&dtype=ph&ptype=l&ecache=3481713O751436O3666493O508O1583191116,https://a.exosrv.com/iframe.php?idzone=3548617&size=300x250,https://syndication.exosrv.com/ads-iframe-display.php?idzone=3548617&type=300x250&p=https%3A//cdn.vueher.com/vueher_300x250.html%3F&dt=1583191115914&sub=&tags=&screen_resolution=360x640&el=,https://main.exosrv.com/click.php?data=H4sIAAAAAAAAA01QS24CMQy9ymxYNrJjO5_uuummi54hhAwgAYOaoWLhw9eEVqocKZbfJy.elHwKwqLigh7W9do39Lbx73b25bhrl35qvW9Py97V5WzTtfV1qYfjpfX2cus2UVVQRUmEGRGjft_aoX09.ErJZXFeyElWJQpIkKOScArGFEimTFG9IpoLk5EA7l5A0YoC3AODSpNdZq6csQA6k3HCiB59NLU9rBQFlTFYCsAGIQtUliieGs9AECvwwxG07i7uX0IYNY2vv04GTk9wMvCv_Y1kpPNp0uHyLEHbHqXRIQSfxy4s8EBDGBfr54eWAtSSMItvxc8SoMyFKeMMc6lb_gFW52lliQEAAA--,https://static.exosrv.com/library/168276/8a2c5b4eaa4b7d158c67a63b6c478adec29c60da.gif,ExoClick,,
39564,javdove.com,mobile,30%,img,/html[1]/body[1]/div[9]/div[2]/div[2]/div[2]/iframe[1]/html[1]/body[1]/table[1]/tbody[1]/tr[1]/td[1]/a[1]/img[1],//adserver.juicyads.com/adshow.php?adzone=703693,https://ck.juicyads.com/getjuicy.php?jad=1525266&juser=65830&jfill=36062&jfimg=884929&data=5c95a8896c6994d2f22e87e98822c57a&idty=d2f857b3866994551b89e8218c10b9b8&std2=x223z2y2v263q27474c4&pubid=65830&zoneid=703693&jurl=p5y5l4i4m4b424n2p456t424j4g51684w5r454q294h4m4t2,https://ads.juicyads.com/network/user143498/36062-1583138153-0481944001583138153.gif,,,,JUICYADS,,
43028,asiantube.porn,mobile,30%,img,/html[1]/body[1]/div[2]/div[1]/div[2]/div[4]/iframe[1]/html[1]/body[1]/iframe[1]/html[1]/body[1]/a[1]/img[1],//ads.exosrv.com/iframe.php?idzone=2644060&size=300x250&sub=2,https://syndication.exosrv.com/ads-iframe-display.php?idzone=2644060&type=300x250&p=https%3A//www.asiantube.porn/&dt=1583192869598&sub=2&tags=&screen_resolution=360x640&el=,https://main.exosrv.com/click.php?data=H4sIAAAAAAAAA1VR247aMBD9lbzwuJEv8SV9Q6p2adkCYsGkeamc2ClIua1xgK3m42tnpUrV2BrrzJnjY08CFDOS5cDg7P24oMsFeQ7rfr.nne3PVrf.7Ow4OJ_21oeKC3u8tO1Tp1s7XRf0efLdr1p3o7787hf066fggvCIO9tY56wLeONs1OmHVF8vOtSvFxPgYTD7amXUaqf2K1VnrKYHjNAH_piG9tpP7240a345qWN.dM71hxPZ9mbzg3dn5MbieFKH7XvXezd4ozab12JXc4X.jMXb1IbGMpIOW1O6sqh8UalHX.7Gx77c.NtrVd5uu8f.VqmaG1JaeX_ZjbeXb9.X28G1qjisWWx_m5wLUure_Fw.BePVbLzDXAIAAcBMUpwTKRD8_0igMs1ZShhNWQ5AkSA54xkQnmWII8gDiKUIGhgDgoxGDnoQhgCHoBw9eIYCKBgGUQsuDZes0YJUDRXYWCSFtaShVgb9KBFv7f1U2TS6CECMJI72.iUJQ03.EZJISGDu.gyGieRUzieMOAnmoikEc5XzOWHYroGZusoMzrUmhDUVYxqJ8AEE14LqRrC_obX90lYCAAA-,https://static.exosrv.com/library/164128/cb06f0f89b5451ad770e0ed6384b65ab454eaccb.gif,,,ExoClick,,
43028,asiantube.porn,mobile,30%,img,/html[1]/body[1]/div[2]/div[1]/div[3]/div[3]/div[4]/iframe[1]/html[1]/body[1]/iframe[1]/html[1]/body[1]/a[1]/img[1],//ads.exosrv.com/iframe.php?idzone=2644060&size=300x250&sub=2,https://syndication.exosrv.com/ads-iframe-display.php?idzone=2644060&type=300x250&p=https%3A//www.asiantube.porn/&dt=1583192869609&sub=2&tags=&screen_resolution=360x640&el=,https://main.exosrv.com/click.php?data=H4sIAAAAAAAAAz1R246jMAz9FV76uChXk.xbpdVMdzpTqk6bsrwBAU2lFmjKrSt__AZGWjlSTo7tY8cOkHOpIaJISQjAAfCr69rHiq9X7MWfKnt0rumyrgyL5uaJw_KYnfyluNgV_9U09pBvrNnszWFjCiELfqSEPOmzb9p729_7u93C5WxO.uScq49nFtd29wG3L.La5HQ2x_h.q.cy1ux278m.AEP.tslnf_WJ6Rx0jG3q0iTvktxMdbpvp0O664b3PB2G_XQYclOAZWmpxtd9O7z.flvHjbua5LiVc_pn75yXMmP1Z_1jxaBdGqceZQvqqP8aDB611.yJiAyRSsWpZsrPpnJl2TaubsLsccmQq1DLkEkeSo3IhRRaaokMhCBAUHuSqshrUIoEBfcxhExMEvRjRg5kAkE8GUmKURGBsqBklUUsr3hEbUlUVJas4qXy.rPEXLXu.rwM5y48MVuwLOpnMI5j8D8gmAMCXLK.TVKmgKsFUQLMN.cxCFy8ft_zJTDeohbcAi8gJyKTQlbcVnRppQCISq3_AazvZLgsAgAA,https://static.exosrv.com/library/440191/f0b2a6b39a15d8dbdca14a77eb64ff511f510f36.png,,,ExoClick,,
49232,getsongbpm.com,mobile,sticky,div,/html[1]/body[1]/div[7],[['iframe'; 'about:blank']; [['img'; 'https://storage.googleapis.com/adincube-resources/tag/close_cross.png']]],,,,,,Google Ad,,
